source_file,export_files,usage,crop,max_display_width,copyright,note,degrade
2\首页\首页-轮播图1.png,home-hero-01.webp 1920x823; home-hero-01.jpg 1920x823; home-hero-01-m.webp 960x411,首页 Banner 轮播1 (4S 黄昏全景),21:9 center focus,1920,用户提供的官网素材包(自有),替换 60m 灰度 banner 其一,
2\首页\首页-轮播图2.png,home-hero-02.webp 1920x823; home-hero-02.jpg 1920x823; home-hero-02-m.webp 960x411,首页 Banner 轮播2 (5S 日景正面),21:9 center focus,1920,用户提供的官网素材包(自有),,
2\首页\首页-轮播图3.png,home-hero-03.webp 1920x823; home-hero-03.jpg 1920x823; home-hero-03-m.webp 960x411,首页 Banner 轮播3 (6S 黄昏),21:9 center focus,1920,用户提供的官网素材包(自有),,
2\关于我们\关于我们-首图.png,about-hero.webp 1920x823; about-hero.jpg 1920x823; about-hero-m.webp 960x412,关于我们页 首图 (白盒建筑+愿景文案),21:9 center focus,1920,用户提供的官网素材包(自有),"右栏含愿景文案, 移动裁切取左半建筑",
2\案例\案例-1{开曼群岛独栋民宅“乡愁”}-封面.png,case-cover-cayman.webp 1667x1250; case-cover-cayman.jpg 1667x1250; case-cover-cayman-m.webp 960x720,案例 开曼“乡愁” 封面,4:3 center focus,1920,用户提供的官网素材包(自有),,
2\案例\案例-2{澳洲布里斯班独栋民宅“本真”}-封面.png,case-cover-brisbane.webp 1667x1250; case-cover-brisbane.jpg 1667x1250; case-cover-brisbane-m.webp 960x720,案例 布里斯班“本真” 封面,4:3 center focus,1920,用户提供的官网素材包(自有),,
2\案例\案例-3{广东中山独栋民宅“风度”}-封面.png,case-cover-zhongshan-fd.webp 1667x1250; case-cover-zhongshan-fd.jpg 1667x1250; case-cover-zhongshan-fd-m.webp 960x720,案例 中山“风度” 封面,4:3 center focus,1920,用户提供的官网素材包(自有),,
2\案例\案例-4{广东中山独栋民宅“米阁”}-封面.png,case-cover-zhongshan-mg.webp 1667x1250; case-cover-zhongshan-mg.jpg 1667x1250; case-cover-zhongshan-mg-m.webp 960x720,案例 中山“米阁” 封面,4:3 center focus,1920,用户提供的官网素材包(自有),,
2\案例\案例-5{中山隔离方舱}-封面.png,case-cover-zhongshan-cabin.webp 1667x1250; case-cover-zhongshan-cabin.jpg 1667x1250; case-cover-zhongshan-cabin-m.webp 960x720,案例 中山隔离方舱 封面,4:3 center focus,1920,用户提供的官网素材包(自有),,
2\案例\案例-6{成都航空学院宿舍}-封面.png,case-cover-chengdu-dorm.webp 1667x1250; case-cover-chengdu-dorm.jpg 1667x1250; case-cover-chengdu-dorm-m.webp 960x720,案例 成都航空学院宿舍 封面,4:3 center focus,1920,用户提供的官网素材包(自有),,
2\案例\案例-7{中建三局深圳营房}-封面.png,case-cover-shenzhen-camp.webp 1667x1250; case-cover-shenzhen-camp.jpg 1667x1250; case-cover-shenzhen-camp-m.webp 960x720,案例 深圳营房 封面(玻璃走廊; 客户名发布待业务确认),4:3 center focus,1920,用户提供的官网素材包(自有),,
2\案例\案例-8{斐济样箱}-封面.png,case-cover-fiji.webp 1920x1440; case-cover-fiji.jpg 1920x1440; case-cover-fiji-m.webp 960x720,案例 斐济样箱 封面(绿门箱体),4:3 center focus,1920,用户提供的官网素材包(自有),,
2\案例\案例-9{半打4S-广东江门志特}-封面.png,case-cover-jiangmen.webp 1667x1250; case-cover-jiangmen.jpg 1667x1250; case-cover-jiangmen-m.webp 960x720,案例 江门志特 4S 封面,4:3 center focus,1920,用户提供的官网素材包(自有),,
2\案例\案例-10{半打4S-江苏省常州}-封面.png,case-cover-changzhou.webp 1667x1250; case-cover-changzhou.jpg 1667x1250; case-cover-changzhou-m.webp 960x720,案例 常州 4S 封面,4:3 center focus,1920,用户提供的官网素材包(自有),,
2\产品\产品-{半打4S}-详情首图.png,product-4s-hero.webp 1920x1080; product-4s-hero.jpg 1920x1080; product-4s-hero-m.webp 960x540,产品 半打4S 详情主图,16:9 center focus,1920,用户提供的官网素材包(自有),,
2\产品\产品-{半打5S}-详情首图.png,product-5s-hero.webp 1920x1080; product-5s-hero.jpg 1920x1080; product-5s-hero-m.webp 960x540,产品 半打5S 详情主图,16:9 center focus,1920,用户提供的官网素材包(自有),,
2\产品\产品-{半打6S}-详情首图.png,product-6s-hero.webp 1920x1080; product-6s-hero.jpg 1920x1080; product-6s-hero-m.webp 960x540,产品 半打6S 详情主图,16:9 center focus,1920,用户提供的官网素材包(自有),,
2\产品\产品-{灰度空间}-详情首图.png,product-grayscale-hero.webp 1920x1080; product-grayscale-hero.jpg 1920x1080; product-grayscale-hero-m.webp 960x540,产品 灰度空间 详情主图,16:9 center focus,1920,用户提供的官网素材包(自有),,
2\产品\产品-{半打4S}-结构图-01.png,flow-factory-module.webp 1080x810; flow-factory-module.jpg 1080x810; flow-factory-module-m.webp 960x720,施工流程 step02 工厂生产 实拍替换候选,4:3 center focus,1920,用户提供的官网素材包(自有),"车间内白模块, 无人物",
2\产品\产品-{半打4S}-结构图-03.jpg,flow-factory-panels.webp 1280x960; flow-factory-panels.jpg 1280x960,施工流程 step02 备用 (墙板存放),4:3 center focus,1280,用户提供的官网素材包(自有),"工厂墙板, 无人物",
2\资质\广东省土木建筑学会科学技术奖励-草根民墅.png,award-gd-civil-society.webp 735x520; award-gd-civil-society.jpg 735x520,资质页 获奖证书 (公司名义),full frame,735,用户提供的官网素材包(自有),"证书全幅展示, 不裁切",
2\资质\广东省科技创新专项 二等奖.png,award-gd-tech-2nd.webp 735x520; award-gd-tech-2nd.jpg 735x520,资质页 获奖证书 (广东省科技创新专项二等奖),full frame,735,用户提供的官网素材包(自有),"证书全幅展示, 不裁切",
2\全站公共素材\logo\半打空间logo.png,brand-logo.webp 1920x542; brand-logo.jpg 1920x542,全站 Logo (深色版),full frame,1920,用户提供的官网素材包(自有),若需浅色版由前端加滤镜或另供,
